Year,Total Area
2017,524993.67
2018,759170.3300000001
2019,5257592.869999999
2020,532228.8699999999
